{"category": "blazer", "recommended": {"images": ["29", "31", "37", "38", "308", "826", "930", "962", "995", "1001", "1003", "1004", "1006", "1007", "1009", "1011", "1012", "1013", "1015", "1016", "1017", "1018", "1019", "1021", "1022", "1023", "1030", "1031", "1032", "1042", "1043", "1045", "1046", "1048", "1049", "1052", "1055", "1056", "1057", "1058", "1059", "1061", "1062", "1064", "1065", "1148", "1164", "1267", "1276", "1286", "1307", "1320", "1377", "1387", "1390", "1391", "1398", "1399", "1409", "1411", "1413", "1432", "1434", "1438", "1439", "1448", "1456", "1458", "1459", "1467", "1468", "1469", "1482", "1503", "1511", "1513", "1515", "1517", "1527", "1542", "1549", "1551", "1962", "1966", "1968", "1969", "1974", "2044"], "center": [0.00459517166018486, 0.009043561294674873, 0.0014180871658027172, 0.008281249552965164, 0.014114584773778915, 0.019391575828194618, 0.008124999701976776, 0.10274861752986908, 0.02626657485961914, 0.42683467268943787, 0.04642519727349281, 0.00029829543200321496, 0.02150568552315235, 0.09798768907785416, 0.1634327918291092, 0.006401515565812588, 0.0063518015667796135, 0.00927557423710823, 0.020307768136262894, 0.007194600999355316]}, "distance_clusters": [0.5352837026886753, 0.549420465006993, 0.4278996151384576, 0.41535741294663936, 0.3307107635102876, 0.4978619299879375, 0.3746578328806951, 0.489200652727392, 0.27964973376922025, 0.5412342778579823], "in_clusters": [0, 0, 0, 0, 0, 0, 0, 0, 0, 0]}